5,1.0444444444444
6,0.75555555555556
7,0.25555555555556
8,0.95555555555556
9,1.0333333333333
10,0.82222222222222
11,0.93333333333333
12,0.12222222222222
13,0.97777777777778
14,0.37777777777778
15,0.37777777777778
16,0.27777777777778
17,-0.17777777777778
18,-0.47777777777778
19,-0.41111111111111
20,-0.16666666666667
21,0.53333333333333
22,-0.32222222222222
23,-0.53333333333333
24,-0.54444444444444
25,-0.16666666666667
26,-0.1
27,-0.47777777777778
28,-1.1444444444444
29,-1.3888888888889
30,-2.0888888888889
31,-1.7444444444444
32,-0.85555555555556
33,-0.34444444444444
34,-0.93333333333333
35,-0.43333333333333
36,-0.61111111111111
37,-0.61111111111111
38,-0.61111111111111
39,0.27777777777778
40,0.53333333333333
41,0.34444444444444
42,-0.22222222222222
43,0.58888888888889
44,0.58888888888889
45,1.4111111111111
46,2.3
47,3.1111111111111
48,2.5666666666667
49,2.7777777777778
50,2.9333333333333
51,2.9888888888889
52,2.4666666666667
53,2.2555555555556
54,2.2111111111111
55,1.5666666666667
56,1.0666666666667
57,1.6111111111111
58,1.6555555555556
59,1.4
60,1.4111111111111
61,1.3666666666667
62,1.0666666666667
63,0.21111111111111
64,-0.033333333333333
65,-0.13333333333333
66,-0.13333333333333
67,-0.4
68,-0.75555555555556
69,-1.1111111111111
70,-1.1111111111111
71,-0.52222222222222
72,-0.52222222222222
73,-0.48888888888889
74,-0.35555555555556
75,-1.2444444444444
76,-1.5222222222222
77,-0.87777777777778
78,-0.83333333333333
79,-0.22222222222222
80,-0.22222222222222
81,0.11111111111111
82,0.38888888888889
83,0.93333333333333
84,1.6333333333333
85,1.5333333333333
86,1.2333333333333
87,2.0888888888889
88,2.1222222222222
89,2.0444444444444
90,2.5666666666667
91,3.1444444444444
92,3.1444444444444
93,3.0333333333333
94,3.5222222222222
95,3.1444444444444
96,2.5888888888889
97,2.4
98,2.4777777777778
99,2.4777777777778
100,2.4
101,1.7555555555556
102,1.9777777777778
103,1.9444444444444
104,1.7333333333333
105,1.4333333333333
106,1.5888888888889
107,1.5888888888889
108,1.0777777777778
109,0.47777777777778
110,0.82222222222222
111,0.61111111111111
112,0.25555555555556
113,1.1444444444444
114,1.1
115,0.83333333333333
116,0.83333333333333
117,0.87777777777778
118,0.91111111111111
119,0.32222222222222
120,0.011111111111111
121,-0.055555555555556
122,-0.65555555555556
123,-0.65555555555556
124,-1
125,-1.8888888888889
126,-1.9888888888889
127,-1.9333333333333
128,-1.9333333333333
129,-1.5222222222222
130,-0.87777777777778
131,-1.1666666666667
132,-1.1222222222222
133,-1.0666666666667
134,-0.72222222222222
135,-0.96666666666667
136,-0.95555555555556
137,-0.1
138,-0.8
139,-0.98888888888889
140,-0.98888888888889
141,-0.68888888888889
142,-0.74444444444444
143,-0.23333333333333
144,0.65555555555556
145,0.55555555555556
146,-0.3
147,-0.3
148,-0.18888888888889
149,0.62222222222222
150,0.32222222222222
151,0.077777777777778
152,-0.43333333333333
153,-1.3222222222222
154,-0.72222222222222
155,-0.83333333333333
156,-0.022222222222222
157,-0.022222222222222
158,-0.83333333333333
159,-0.52222222222222
160,-0.52222222222222
161,-0.55555555555556
162,-0.25555555555556
163,-0.46666666666667
164,0.5
165,0.54444444444444
166,-0.055555555555556
167,0.8
168,0.48888888888889
169,0.8
170,0.52222222222222
171,1.1111111111111
172,0.4
173,0.24444444444444
174,0.24444444444444
175,0.88888888888889
176,0.34444444444444
177,0.93333333333333
178,1.2111111111111
179,1.1777777777778
180,1.1444444444444
181,2.1444444444444
182,1.4777777777778
183,0.62222222222222
184,0.46666666666667
185,0.74444444444444
186,1.0444444444444
187,0.66666666666667
188,0.96666666666667
189,0.92222222222222
190,0.37777777777778
191,1.2333333333333
192,1.1888888888889
193,1.3444444444444
194,0.75555555555556
195,0.45555555555556
196,0.55555555555556
197,0.46666666666667
198,-2.4671622769448e-17
199,-0.45555555555556
200,-0.53333333333333
201,-0.48888888888889
202,-1.3444444444444
203,-0.48888888888889
204,-0.77777777777778
205,-0.5
206,0.1
207,0.64444444444444
208,0.75555555555556
209,-0.16666666666667
210,-0.16666666666667
211,0.17777777777778
212,0.17777777777778
213,0.57777777777778
214,0.23333333333333
215,-0.23333333333333
216,-0.53333333333333
217,0.13333333333333
218,0.54444444444444
219,0.54444444444444
220,1.0111111111111
221,0.82222222222222
222,0.46666666666667
223,0.53333333333333
224,0.53333333333333
225,-0.022222222222222
226,-0.1
227,-0.4
228,0.2
229,-0.4
230,-0.17777777777778
231,-0.56666666666667
232,0.011111111111111
233,-0.33333333333333
234,0.22222222222222
235,0.48888888888889
236,0.78888888888889
237,1
238,1
239,0.066666666666667
240,0.81111111111111
241,0.73333333333333
242,0.73333333333333
243,0.43333333333333
244,0.38888888888889
245,0.088888888888889
246,-0.72222222222222
247,-0.93333333333333